Chromosome	Position	Reference	Alternative_56001808050381	Processed_Alt_56001808050381	Variants_Freq_56001808050381	Alternative_TSAB2165	Processed_Alt_TSAB2165	Variants_Freq_TSAB2165	Conclusion
22	24236191	A	A	A	-	A	A	-	Normal
22	24236192	C	C	C	-	C	C	-	Normal
22	24236193	A	A	A	-	A	A	-	Normal
22	24236194	G	G	G	-	G	G	-	Normal
22	24236195	G	G	G	-	G	G	-	Normal
22	24236196	G	G	G	-	G	G	-	Normal
22	24236197	G	G	G	-	G	G	-	Normal
22	24236198	C	C	C	-	C	C	-	Normal
22	24236199	T	T	T	-	T	T	-	Normal
22	24236200	C	C	C	-	C	C	-	Normal
22	24236201	A	A/T	A	A:33,T:1	A	A	-	Normal
22	24236202	G	G	G	-	G	G	-	Normal
22	24236203	T	T	T	-	T	T	-	Normal
22	24236204	G	G	G	-	G	G	-	Normal
22	24236205	C	C	C	-	C	C	-	Normal
22	24236206	G	G	G	-	G	G	-	Normal
22	24236207	T	T	T	-	T	T	-	Normal
22	24236208	G	G	G	-	G	G	-	Normal
22	24236209	C	C	C	-	C	C	-	Normal
22	24236210	A	A/C	A	A:33,C:1	A	A	-	Normal
22	24236211	G	G	G	-	G	G	-	Normal
22	24236212	T	T	T	-	T	T	-	Normal
22	24236213	G	G	G	-	G	G	-	Normal
22	24236214	G	G	G	-	G	G	-	Normal
22	24236215	A	A	A	-	A	A	-	Normal
22	24236216	A	A	A	-	A/C	A	A:31,C:1	Normal
22	24236217	T	T	T	-	T	T	-	Normal
22	24236218	G	G	G	-	G	G	-	Normal
22	24236219	A	A	A	-	A	A	-	Normal
22	24236220	A	A	A	-	A	A	-	Normal
22	24236221	C	C	C	-	C	C	-	Normal
22	24236222	T	T	T	-	T	T	-	Normal
22	24236223	G	G	G	-	G	G	-	Normal
22	24236224	G	G	G	-	G	G	-	Normal
22	24236225	G	G	G	-	G	G	-	Normal
22	24236226	C	C	C	-	C	C	-	Normal
22	24236227	T	T/G	T	T:42,G:1	T/G	T	T:33,G:1	Normal
22	24236228	T	T	T	-	T	T	-	Normal
22	24236229	C	C	C	-	C	C	-	Normal
22	24236230	A	A	A	-	A	A	-	Normal
22	24236231	T	T	T	-	T	T	-	Normal
22	24236232	C	C	C	-	C	C	-	Normal
22	24236233	T	T	T	-	T	T	-	Normal
22	24236234	C	C	C	-	C	C	-	Normal
22	24236235	T	T	T	-	T	T	-	Normal
22	24236236	G	G	G	-	G	G	-	Normal
22	24236237	G	G	G	-	G	G	-	Normal
22	24236238	A	A	A	-	A	A	-	Normal
22	24236239	A	A	A	-	A	A	-	Normal
22	24236240	G	G	G	-	G	G	-	Normal
22	24236241	G	G	G	-	G	G	-	Normal
22	24236242	G	G	G	-	G	G	-	Normal
22	24236243	T	T	T	-	T	T	-	Normal
22	24236244	A	A	A	-	A	A	-	Normal
22	24236245	A	A	A	-	A	A	-	Normal
22	24236246	G	T/G	G	G:38,T:1	G	G	-	Normal
22	24236247	G	G	G	-	G	G	-	Normal
22	24236248	G	G	G	-	G	G	-	Normal
22	24236249	G	G	G	-	G	G	-	Normal
22	24236250	C	C	C	-	C	C	-	Normal
22	24236251	C	C	C	-	C	C	-	Normal
22	24236252	A	A	A	-	A	A	-	Normal
22	24236253	T	T	T	-	T	T	-	Normal
22	24236254	C	C	C	-	C	C	-	Normal
22	24236255	T	T	T	-	T	T	-	Normal
22	24236256	T	T	T	-	T	T	-	Normal
22	24236257	C	C	C	-	C	C	-	Normal
22	24236258	C	C	C	-	C	C	-	Normal
22	24236259	G	G	G	-	G	G	-	Normal
22	24236260	G	G	G	-	G	G	-	Normal
22	24236261	G	G	G	-	G	G	-	Normal
22	24236262	T	T	T	-	T	T	-	Normal
22	24236263	T	T	T	-	T	T	-	Normal
22	24236264	C	C	C	-	C	C	-	Normal
22	24236265	A	A	A	-	A	A	-	Normal
22	24236266	C	C	C	-	C	C	-	Normal
22	24236267	C	C	C	-	C	C	-	Normal
22	24236268	G	G	G	-	G	G	-	Normal
22	24236269	C	C	C	-	C	C	-	Normal
22	24236270	C	C	C	-	C	C	-	Normal
22	24236271	G	G	G	-	G	G	-	Normal
22	24236272	C	C	C	-	C	C	-	Normal
22	24236273	A	A	A	-	A	A	-	Normal
22	24236274	T	T	T	-	T	T	-	Normal
22	24236275	C	C	C	-	C	C	-	Normal
22	24236276	C	C	C	-	C	C	-	Normal
22	24236277	C	C	C	-	C	C	-	Normal
22	24236278	C	C	C	-	C	C	-	Normal
22	24236279	A	A	A	-	A	A	-	Normal
22	24236280	C	C	C	-	C	C	-	Normal
22	24236281	C	C	C	-	C	C	-	Normal
22	24236282	C	C	C	-	C	C	-	Normal
22	24236283	C	C	C	-	C	C	-	Normal
22	24236284	C	C	C	-	C	C	-	Normal
22	24236285	G	G	G	-	G	G	-	Normal
22	24236286	G	G	G	-	G	G	-	Normal
22	24236287	C	C	C	-	C	C	-	Normal
22	24236288	A	A	A	-	A	A	-	Normal
22	24236289	C	C	C	-	C	C	-	Normal
22	24236290	A	A	A	-	A	A	-	Normal
22	24236291	G	G	G	-	G/C	G	G:27,C:1	Normal
22	24236292	C	C	C	-	C	C	-	Normal
22	24236293	G	G	G	-	G	G	-	Normal
22	24236294	C	C	C	-	C	C	-	Normal
22	24236295	C	C	C	-	C	C	-	Normal
22	24236296	T	T	T	-	T	T	-	Normal
22	24236297	C	C	C	-	C	C	-	Normal
22	24236298	C	C	C	-	C	C	-	Normal
22	24236299	T	T	T	-	T	T	-	Normal
22	24236300	G	G	G	-	G	G	-	Normal
22	24236301	G	G	G	-	G	G	-	Normal
22	24236302	C	C	C	-	C	C	-	Normal
22	24236303	G	G	G	-	G	G	-	Normal
22	24236304	A	A	A	-	A	A	-	Normal
22	24236305	C	C	C	-	C	C	-	Normal
22	24236306	T	T	T	-	T	T	-	Normal
22	24236307	A	A	A	-	A	A	-	Normal
22	24236308	A	A	A	-	A	A	-	Normal
22	24236309	C	C	C	-	C	C	-	Normal
22	24236310	A	A/C	A	A:44,C:1	A	A	-	Normal
22	24236311	T	T	T	-	T	T	-	Normal
22	24236312	C	C	C	-	C	C	-	Normal
22	24236313	G	G	G	-	G	G	-	Normal
22	24236314	G	G	G	-	G	G	-	Normal
22	24236315	T	T	T	-	T	T	-	Normal
22	24236316	G	G	G	-	G	G	-	Normal
22	24236317	A	A	A	-	A	A	-	Normal
22	24236318	C	C	C	-	C	C	-	Normal
22	24236319	T	T	T	-	T	T	-	Normal
22	24236320	T	T	T	-	T	T	-	Normal
22	24236321	A	A	A	-	A	A	-	Normal
22	24236322	G	G	G	-	G	G	-	Normal
22	24236323	T	T	T	-	T	T	-	Normal
22	24236324	G	G	G	-	G	G	-	Normal
22	24236325	A	A	A	-	A/C	A	A:26,C:1	Normal
22	24236326	A	A	A	-	A/C	A	A:26,C:1	Normal
22	24236327	A	A/C	A	A:42,C:1	A	A	-	Normal
22	24236328	G	G	G	-	G	G	-	Normal
22	24236329	G	G	G	-	G	G	-	Normal
22	24236330	A	A	A	-	A	A	-	Normal
22	24236331	C	C	C	-	C	C	-	Normal
22	24236332	T	T	T	-	T	T	-	Normal
22	24236333	A	A	A	-	A	A	-	Normal
22	24236334	A	A	A	-	A/C	A	A:31,C:1	Normal
22	24236335	G	G/C	G	G:47,C:1	G	G	-	Normal
22	24236336	A	A	A	-	A	A	-	Normal
22	24236337	A	A	A	-	A	A	-	Normal
22	24236338	A	A	A	-	A	A	-	Normal
22	24236339	G	G	G	-	G	G	-	Normal
22	24236340	A	A	A	-	A	A	-	Normal
22	24236341	C	C	C	-	C	C	-	Normal
22	24236342	C	C	C	-	C	C	-	Normal
22	24236343	C	C	C	-	C	C	-	Normal
22	24236344	G	G	G	-	G	G	-	Normal
22	24236345	A	A	A	-	A	A	-	Normal
22	24236346	G	G	G	-	G	G	-	Normal
22	24236347	G	G	G	-	G	G	-	Normal
22	24236348	C	C	C	-	C	C	-	Normal
22	24236349	G	G	G	-	G	G	-	Normal
22	24236350	A	A	A	-	A	A	-	Normal
22	24236351	G	G	G	-	G	G	-	Normal
22	24236352	G	G	G	-	G	G	-	Normal
22	24236353	C	C	C	-	C	C	-	Normal
22	24236354	C	C	C	-	C	C	-	Normal
22	24236355	G	G	G	-	G	G	-	Normal
22	24236356	G	G	G	-	G	G	-	Normal
22	24236357	A	A	A	-	A	A	-	Normal
22	24236358	A	A/C	A	A:47,C:1	A	A	-	Normal
22	24236359	C	C	C	-	C	C	-	Normal
22	24236360	A	A/C	A	A:41,C:1	A	A	-	Normal
22	24236361	G	G	G	-	G	G	-	Normal
22	24236362	G	G	G	-	G	G	-	Normal
22	24236363	C	C	C	-	C	C	-	Normal
22	24236364	C	C	C	-	C	C	-	Normal
22	24236365	G	G	G	-	G	G	-	Normal
22	24236366	A	A	A	-	A	A	-	Normal
22	24236367	T	T/G	T	T:41,G:1	T	T	-	Normal
22	24236368	T	T/G	T	T:42,G:1	T	T	-	Normal
22	24236369	T	A/T	T	T:41,A:1	T	T	-	Normal
22	24236370	C	C	C	-	C	C	-	Normal
22	24236371	T	T	T	-	T	T	-	Normal
22	24236372	A	A	A	-	A	A	-	Normal
22	24236373	G	G	G	-	G	G	-	Normal
22	24236374	C	A/C	C	C:43,A:1	C	C	-	Normal
22	24236375	C	C	C	-	C	C	-	Normal
22	24236376	G	G	G	-	G	G	-	Normal
22	24236377	C	C	C	-	C	C	-	Normal
22	24236378	C	C	C	-	C	C	-	Normal
22	24236379	A	A/C	A	A:41,C:1	A	A	-	Normal
22	24236380	A	A	A	-	A	A	-	Normal
22	24236381	G	G	G	-	G	G	-	Normal
22	24236382	T	T	T	-	T	T	-	Normal
22	24236383	G	G	G	-	G	G	-	Normal
22	24236384	G	G	G	-	G	G	-	Normal
22	24236385	A	A	A	-	A	A	-	Normal
22	24236386	G	G	G	-	G	G	-	Normal
22	24236387	A	A	A	-	A	A	-	Normal
22	24236388	A	A	A	-	A	A	-	Normal
22	24236389	C	C	C	-	C	C	-	Normal
22	24236390	A	A	A	-	A	A	-	Normal
22	24236391	G	G	G	-	G	G	-	Normal
22	24236392	G	G	G	-	A/G	G	G:23,A:2	Normal
22	24236393	T	T/G	T	T:43,G:1	T	T	-	Normal
22	24236394	T	T	T	-	T	T	-	Normal
22	24236395	G	G	G	-	G	G	-	Normal
22	24236396	G	G	G	-	G	G	-	Normal
22	24236397	A	A	A	-	A	A	-	Normal
22	24236398	G	G	G	-	G	G	-	Normal
22	24236399	C	C	C	-	C	C	-	Normal
22	24236400	G	G	G	-	G	G	-	Normal
22	24236401	G	G	G	-	G	G	-	Normal
22	24236402	T	T	T	-	T	T	-	Normal
22	24236403	G	G	G	-	G	G	-	Normal
22	24236404	C	C	C	-	C	C	-	Normal
22	24236405	G	G	G	-	G	G	-	Normal
22	24236406	C	C	C	-	C	C	-	Normal
22	24236407	C	C	C	-	C	C	-	Normal
22	24236408	G	G	G	-	G	G	-	Normal
22	24236409	G	G	G	-	G	G	-	Normal
22	24236410	G	G	G	-	G	G	-	Normal
22	24236411	C	C	C	-	C	C	-	Normal
22	24236412	T	T	T	-	T	T	-	Normal
22	24236413	T	T	T	-	T	T	-	Normal
22	24236414	A	A	A	-	A	A	-	Normal
22	24236415	G	G	G	-	G	G	-	Normal
22	24236416	C	C	C	-	C	C	-	Normal
22	24236417	G	G	G	-	G	G	-	Normal
22	24236418	G	G	G	-	G	G	-	Normal
22	24236419	C	C	C	-	C	C	-	Normal
22	24236420	G	G	G	-	G	G	-	Normal
22	24236421	G	G	G	-	G	G	-	Normal
22	24236422	T	T	T	-	T	T	-	Normal
22	24236423	T	T	T	-	T	T	-	Normal
22	24236424	G	G	G	-	G	G	-	Normal
22	24236425	C	C	C	-	C	C	-	Normal
22	24236426	T	T	T	-	T	T	-	Normal
22	24236427	G	G	G	-	G	G	-	Normal
22	24236428	G	G	G	-	G	G	-	Normal
22	24236429	A	A	A	-	A	A	-	Normal
22	24236430	G	G	G	-	G	G	-	Normal
22	24236431	G	G	G	-	G	G	-	Normal
22	24236432	A	A	A	-	A	A	-	Normal
22	24236433	A	A	A	-	A	A	-	Normal
22	24236434	C	C	C	-	C	C	-	Normal
22	24236435	G	G	G	-	G	G	-	Normal
22	24236436	G	G	G	-	G	G	-	Normal
22	24236437	G	G	G	-	G	G	-	Normal
22	24236438	C	C	C	-	C	C	-	Normal
22	24236439	G	G	G	-	G	G	-	Normal
22	24236440	G	G	G	-	G	G	-	Normal
22	24236441	A	A	A	-	A	A	-	Normal
22	24236442	G	G	G	-	G	G	-	Normal
22	24236443	T	T	T	-	T	T	-	Normal
22	24236444	C	C	C	-	C	C	-	Normal
22	24236445	G	G	G	-	G	G	-	Normal
22	24236446	C	C	C	-	C	C	-	Normal
22	24236447	C	C	C	-	C	C	-	Normal
22	24236448	C	C	C	-	C	C	-	Normal
22	24236449	A	A/G	A	A:53,G:1	A	A	-	Normal
22	24236450	G	G	G	-	G	G	-	Normal
22	24236451	G	G	G	-	G	G	-	Normal
22	24236452	G	G	G	-	G	G	-	Normal
22	24236453	T	T/G	T	T:55,G:1	T	T	-	Normal
22	24236454	C	C	C	-	C	C	-	Normal
22	24236455	C	C	C	-	C	C	-	Normal
22	24236456	T	T	T	-	T	T	-	Normal
22	24236457	G	G	G	-	G	G	-	Normal
22	24236458	C	C	C	-	C	C	-	Normal
22	24236459	C	C	C	-	C	C	-	Normal
22	24236460	C	C	C	-	C	C	-	Normal
22	24236461	T	T/G	T	T:49,G:1	T	T	-	Normal
22	24236462	G	G	G	-	G	G	-	Normal
22	24236463	C	C	C	-	C	C	-	Normal
22	24236464	G	G	G	-	G	G	-	Normal
22	24236465	G	G	G	-	G	G	-	Normal
22	24236466	G	G	G	-	G	G	-	Normal
22	24236467	G	G	G	-	G	G	-	Normal
22	24236468	G	G	G	-	G	G	-	Normal
22	24236469	T	T	T	-	T	T	-	Normal
22	24236470	C	C	C	-	C	C	-	Normal
22	24236471	G	G	G	-	G	G	-	Normal
22	24236472	A	A	A	-	A	A	-	Normal
22	24236473	G	G	G	-	G	G	-	Normal
22	24236474	C	C	C	-	C	C	-	Normal
22	24236475	C	C	C	-	C	C	-	Normal
22	24236476	G	G	G	-	G	G	-	Normal
22	24236477	A	A	A	-	A	A	-	Normal
22	24236478	G	G	G	-	G	G	-	Normal
22	24236479	G	G	G	-	G	G	-	Normal
22	24236480	C	C	C	-	C	C	-	Normal
22	24236481	A	A	A	-	A/C	A	A:31,C:1	Normal
22	24236482	G	G	G	-	G	G	-	Normal
22	24236483	G	T/G	G	G:49,T:1	G	G	-	Normal
22	24236484	C	C	C	-	C	C	-	Normal
22	24236485	G	G	G	-	G	G	-	Normal
22	24236486	G	G	G	-	G	G	-	Normal
22	24236487	T	T	T	-	T	T	-	Normal
22	24236488	G	G	G	-	G	G	-	Normal
22	24236489	A	A	A	-	A	A	-	Normal
22	24236490	C	C	C	-	C	C	-	Normal
22	24236491	T	T/G	T	T:56,G:1	T/G	T	T:32,G:1	Normal
22	24236492	T	T	T	-	T	T	-	Normal
22	24236493	C	C	C	-	C	C	-	Normal
22	24236494	C	C	C	-	C	C	-	Normal
22	24236495	C	C	C	-	C	C	-	Normal
22	24236496	C	C	C	-	C	C	-	Normal
22	24236497	A	A	A	-	A	A	-	Normal
22	24236498	C	C	C	-	C	C	-	Normal
22	24236499	T	T/G	T	T:63,G:1	T	T	-	Normal
22	24236500	C	C	C	-	C	C	-	Normal
22	24236501	G	G	G	-	G	G	-	Normal
22	24236502	G	G	G	-	G	G	-	Normal
22	24236503	G	G	G	-	G	G	-	Normal
22	24236504	G	G	G	-	G	G	-	Normal
22	24236505	C	C	C	-	C	C	-	Normal
22	24236506	G	G	G	-	G	G	-	Normal
22	24236507	G	G	G	-	G	G	-	Normal
22	24236508	A	A	A	-	A	A	-	Normal
22	24236509	G	G	G	-	G	G	-	Normal
22	24236510	C	C	C	-	C	C	-	Normal
22	24236511	C	C	C	-	C	C	-	Normal
22	24236512	G	G	G	-	G	G	-	Normal
22	24236513	C	C	C	-	C	C	-	Normal
22	24236514	A	A	A	-	A	A	-	Normal
22	24236515	G	G	G	-	G	G	-	Normal
22	24236516	C	C	C	-	C	C	-	Normal
22	24236517	C	C	C	-	C	C	-	Normal
22	24236518	T	T	T	-	T	T	-	Normal
22	24236519	C	C	C	-	N/C	C	C:30,N:1	Normal
22	24236520	G	G	G	-	G	G	-	Normal
22	24236521	C	C	C	-	C	C	-	Normal
22	24236522	G	G	G	-	T/G	G	G:30,T:1	Normal
22	24236523	G	G	G	-	G	G	-	Normal
22	24236524	G	G	G	-	G	G	-	Normal
22	24236525	G	G	G	-	G	G	-	Normal
22	24236526	G	G	G	-	G	G	-	Normal
22	24236527	C	C	C	-	C	C	-	Normal
22	24236528	G	G	G	-	G	G	-	Normal
22	24236529	G	G	G	-	G	G	-	Normal
22	24236530	G	G	G	-	G	G	-	Normal
22	24236531	G	G	G	-	G/C	G	G:34,C:1	Normal
22	24236532	C	C	C	-	T/C	C	C:33,T:1	Normal
22	24236533	C	C	C	-	G/C	C	C:33,G:1	Normal
22	24236534	T	T	T	-	A/T	T	T:33,A:1	Normal
22	24236535	G	G	G	-	G/C	G	G:33,C:1	Normal
22	24236536	G	G	G	-	G/C	G	G:33,C:1	Normal
22	24236537	C	C	C	-	C	C	-	Normal
22	24236538	G	G	G	-	G/C	G	G:33,C:1	Normal
22	24236539	C	G/C	C	C:66,G:2	G/C	C	C:33,G:1	Normal
22	24236540	C	G/C	C	C:70,G:2	C	C	-	Normal
22	24236541	G	G	G	-	G/C	G	G:33,C:1	Normal
22	24236542	G	G	G	-	G/C	G	G:31,C:1	Normal
22	24236543	C	C	C	-	G/C	C	C:31,G:1	Normal
22	24236544	G	G	G	-	G	G	-	Normal
22	24236545	G	G	G	-	G	G	-	Normal
22	24236546	T	T	T	-	A/T	T	T:31,A:1	Normal
22	24236547	G	G	G	-	G/C	G	G:31,C:1	Normal
22	24236548	G	G	G	-	T/G	G	G:31,T:1	Normal
22	24236549	C	C	C	-	C	C	-	Normal
22	24236550	G	G	G	-	G	G	-	Normal
22	24236551	T	T	T	-	T/C	T	T:31,C:1	Normal
22	24236552	C	C	C	-	A/C	C	C:30,A:1	Normal
22	24236553	A	A/C	A	A:72,C:2	A/C	A	A:29,C:2	Normal
22	24236554	C	C	C	-	A/C	C	C:28,A:1	Normal
22	24236555	A	A/C	A	A:71,C:3	A/C	A	A:28,C:1	Normal
22	24236556	A	A/C	A	A:70,C:4	A/C	A	A:28,C:1	Normal
22	24236557	A	A/T	A	A:74,T:2	A	A	-	Normal
22	24236558	A	A	A	-	A/T	A	A:26,T:1	Normal
22	24236559	G	G	G	-	G/C	G	G:26,C:1	Normal
22	24236560	G	G	G	-	G	G	-	Normal
22	24236561	C	C	C	-	C	C	-	Normal
22	24236562	G	G	G	-	G	G	-	Normal
22	24236563	G	G	G	-	G	G	-	Normal
22	24236564	G	T/G	G	G:77,T:1	T/G	G	G:29,T:1	Normal
22	24236565	A	A/T	A	A:77,T:1	A/C	A	A:29,C:1	Normal
22	24236566	C	C	C	-	C	C	-	Normal
22	24236567	C	C	C	-	A/C	C	C:31,A:1	Normal
22	24236568	A	A	A	-	A/C	A	A:33,C:1	Normal
22	24236569	C	C	C	-	C	C	-	Normal
22	24236570	A	A	A	-	A/T	A	A:33,T:1	Normal
22	24236571	G	G	G	-	G	G	-	Normal
22	24236572	T	T	T	-	T	T	-	Normal
22	24236573	G	G	G	-	T/G	G	G:31,T:1	Normal
22	24236574	G	G	G	-	G	G	-	Normal
22	24236575	T	T	T	-	A/T	T	T:28,A:1	Normal
22	24236576	G	G	G	-	G/C	G	G:28,C:1	Normal
22	24236577	T	T	T	-	T/G	T	T:30,G:1	Normal
22	24236578	C	C	C	-	G/C	C	C:31,G:1	Normal
22	24236579	C	C	C	-	A/C	C	C:31,A:1	Normal
22	24236580	G	G	G	-	G/C	G	G:31,C:1	Normal
22	24236581	A	A	A	-	A/C	A	A:31,C:1	Normal
22	24236582	G	G	G	-	G/C	G	G:31,C:1	Normal
22	24236583	A	A	A	-	A/G	A	A:30,G:1	Normal
22	24236584	A	A	A	-	A/C	A	A:29,C:2	Normal
22	24236585	G	G	G	-	T/G	G	G:30,T:1	Normal
22	24236586	T	T	T	-	T/G	T	T:29,G:2	Normal
22	24236587	C	C	C	-	C	C	-	Normal
22	24236588	A	A	A	-	A/C	A	A:30,C:1	Normal
22	24236589	G	G	G	-	G	G	-	Normal
22	24236590	G	G	G	-	G	G	-	Normal
22	24236591	C	C	C	-	C	C	-	Normal
22	24236592	A	A/C	A	A:79,C:2	A/C	A	A:33,C:3	Normal
22	24236593	C	C	C	-	G/C	C	C:37,G:1	Normal
22	24236594	G	G	G	-	G	G	-	Normal
22	24236595	T	T/G	T	T:84,G:2	T/C	T	T:38,C:1	Normal
22	24236596	A	A	A	-	A/G	A	A:37,G:1	Normal
22	24236597	G	G	G	-	G	G	-	Normal
22	24236598	C	C	C	-	C	C	-	Normal
22	24236599	T	T	T	-	T/G	T	T:37,G:1	Normal
22	24236600	C	C	C	-	C	C	-	Normal
22	24236601	A	A/C	A	A:76,C:4	A/C	A	A:36,C:1	Normal
22	24236602	G	G	G	-	T/G	G	G:36,T:1	Normal
22	24236603	C	C	C	-	C	C	-	Normal
22	24236604	G	G	G	-	G/C	G	G:36,C:1	Normal
22	24236605	G	G	G	-	A/G	G	G:36,A:1	Normal
22	24236606	C	C	C	-	C	C	-	Normal
22	24236607	G	G	G	-	G	G	-	Normal
22	24236608	G	G	G	-	G	G	-	Normal
22	24236609	C	C	C	-	C	C	-	Normal
22	24236610	C	C	C	-	C	C	-	Normal
22	24236611	G	G	G	-	A/G	G	G:32,A:2	Normal
22	24236612	C	C	C	-	C	C	-	Normal
22	24236613	G	G	G	-	G	G	-	Normal
22	24236614	G	G	G	-	G	G	-	Normal
22	24236615	C	C	C	-	C	C	-	Normal
22	24236616	G	G	G	-	G	G	-	Normal
22	24236617	C	C	C	-	C	C	-	Normal
22	24236618	G	G	G	-	G	G	-	Normal
22	24236619	T	T/G	T	T:78,G:2	T	T	-	Normal
22	24236620	G	G	G	-	G	G	-	Normal
22	24236621	C	C	C	-	C	C	-	Normal
22	24236622	G	G	G	-	G	G	-	Normal
22	24236623	T	T	T	-	T	T	-	Normal
22	24236624	C	C	C	-	C	C	-	Normal
22	24236625	T	T/G	T	T:84,G:2	T	T	-	Normal
22	24236626	G	G	G	-	G	G	-	Normal
22	24236627	T	T	T	-	T	T	-	Normal
22	24236628	G	G	G	-	G	G	-	Normal
22	24236629	C	C	C	-	C	C	-	Normal
22	24236630	C	C	C	-	C	C	-	Normal
22	24236631	T	T	T	-	T	T	-	Normal
22	24236632	C	C	C	-	C	C	-	Normal
22	24236633	T	T	T	-	T	T	-	Normal
22	24236634	G	G	G	-	G	G	-	Normal
22	24236635	C	C	C	-	C	C	-	Normal
22	24236636	G	G	G	-	G	G	-	Normal
22	24236637	C	C	C	-	C	C	-	Normal
22	24236638	G	G	G	-	G	G	-	Normal
22	24236639	G	G	G	-	G	G	-	Normal
22	24236640	G	G	G	-	G	G	-	Normal
22	24236641	T	T	T	-	T/G	T	T:38,G:2	Normal
22	24236642	C	C	C	-	C	C	-	Normal
22	24236643	T	T	T	-	T	T	-	Normal
22	24236644	C	C	C	-	G/C	C	C:42,G:2	Normal
22	24236645	C	C	C	-	C	C	-	Normal
22	24236646	T	T/G	T	T:88,G:2	T	T	-	Normal
22	24236647	G	G	G	-	G	G	-	Normal
22	24236648	G	G	G	-	G	G	-	Normal
22	24236649	T	T	T	-	T	T	-	Normal
22	24236650	C	C	C	-	C	C	-	Normal
22	24236651	C	C	C	-	C	C	-	Normal
22	24236652	T	T/G	T	T:68,G:4	T	T	-	Normal
22	24236653	T	T/G	T	T:70,G:2	T/G	T	T:42,G:2	Normal
22	24236654	C	C	C	-	C	C	-	Normal
22	24236655	T	T	T	-	T	T	-	Normal
22	24236656	G	G	G	-	G	G	-	Normal
22	24236657	C	C	C	-	C	C	-	Normal
22	24236658	C	C	C	-	C	C	-	Normal
22	24236659	A	A	A	-	A	A	-	Normal
22	24236660	T	T/G	T	T:68,G:2	T	T	-	Normal
22	24236661	C	C	C	-	C	C	-	Normal
22	24236662	A	A/C	A	A:68,C:2	A	A	-	Normal
22	24236663	T	T	T	-	T/G	T	T:42,G:2	Normal
22	24236664	G	G	G	-	G	G	-	Normal
22	24236665	C	C	C	-	C	C	-	Normal
22	24236666	C	C	C	-	C	C	-	Normal
22	24236667	G	G	G	-	G	G	-	Normal
22	24236668	A	A	A	-	A	A	-	Normal
22	24236669	T	T	T	-	T/G	T	T:40,G:2	Normal
22	24236670	G	G	G	-	G	G	-	Normal
22	24236671	T	T	T	-	T/G	T	T:40,G:2	Normal
22	24236672	T	T	T	-	T	T	-	Normal
22	24236673	C	G/C	C	C:68,G:2	C	C	-	Normal
22	24236674	A	A	A	-	A	A	-	Normal
22	24236675	T	T	T	-	T	T	-	Normal
22	24236676	C	C	C	-	C	C	-	Normal
22	24236677	G	G	G	-	G	G	-	Normal
22	24236678	T	T	T	-	T/G	T	T:36,G:2	Normal
22	24236679	A	A/C	A	A:64,C:4	A	A	-	Normal
22	24236680	A	A	A	-	A	A	-	Normal
22	24236681	A	A	A	-	A	A	-	Normal
22	24236682	C	C	C	-	C	C	-	Normal
22	24236683	A	A	A	-	A	A	-	Normal
22	24236684	C	C	C	-	C	C	-	Normal
22	24236685	C	C	C	-	C	C	-	Normal
22	24236686	A	A	A	-	A	A	-	Normal
22	24236687	A	A	A	-	A/C	A	A:40,C:2	Normal
22	24236688	C	C	C	-	C	C	-	Normal
22	24236689	G	G	G	-	G	G	-	Normal
22	24236690	T	T/G	T	T:66,G:4	T/G	T	T:40,G:2	Normal
22	24236691	G	G	G	-	G	G	-	Normal
22	24236692	C	C	C	-	C	C	-	Normal
22	24236693	C	C	C	-	C	C	-	Normal
22	24236694	C	C	C	-	C	C	-	Normal
22	24236695	C	C	C	-	C	C	-	Normal
22	24236696	G	G	G	-	G	G	-	Normal
22	24236697	C	C	C	-	C	C	-	Normal
22	24236698	G	A/G	G	G:60,A:2	G	G	-	Normal
22	24236699	C	C	C	-	C	C	-	Normal
22	24236700	C	C	C	-	C	C	-	Normal
22	24236701	T	T	T	-	T	T	-	Normal
22	24236702	C	C	C	-	C	C	-	Normal
22	24236703	C	C	C	-	C	C	-	Normal
22	24236704	G	G	G	-	G	G	-	Normal
22	24236705	T	T	T	-	T	T	-	Normal
22	24236706	G	G	G	-	T/G	G	G:40,T:2	Normal
22	24236707	C	C	C	-	C	C	-	Normal
22	24236708	C	C	C	-	C	C	-	Normal
22	24236709	G	G	G	-	G	G	-	Normal
22	24236710	G	G	G	-	G	G	-	Normal
22	24236711	A	A	A	-	A	A	-	Normal
22	24236712	C	C	C	-	C	C	-	Normal
22	24236713	G	G	G	-	G	G	-	Normal
22	24236714	G	G	G	-	G	G	-	Normal
22	24236715	G	G	G	-	G	G	-	Normal
22	24236716	T	T/G	T	T:64,G:2	T	T	-	Normal
22	24236717	T	T	T	-	T	T	-	Normal
22	24236718	C	C	C	-	C	C	-	Normal
22	24236719	C	C	C	-	C	C	-	Normal
22	24236720	T	T	T	-	T	T	-	Normal
22	24236721	C	C	C	-	C	C	-	Normal
22	24236722	T	T	T	-	T	T	-	Normal
22	24236723	C	C	C	-	C	C	-	Normal
22	24236724	C	C	C	-	C	C	-	Normal
22	24236725	G	G	G	-	G	G	-	Normal
22	24236726	A	A	A	-	A	A	-	Normal
22	24236727	G	G	G	-	G	G	-	Normal
22	24236728	C	C	C	-	C	C	-	Normal
22	24236729	T	T	T	-	T	T	-	Normal
22	24236730	C	C	C	-	C	C	-	Normal
22	24236731	A	A	A	-	A	A	-	Normal
22	24236732	C	C	C	-	G/C	C	C:38,G:2	Normal
22	24236733	C	C	C	-	C	C	-	Normal
22	24236734	C	C	C	-	C	C	-	Normal
22	24236735	A	A	A	-	A	A	-	Normal
22	24236736	G	G	G	-	G	G	-	Normal
22	24236737	C	C	C	-	C	C	-	Normal
22	24236738	A	A	A	-	A	A	-	Normal
22	24236739	G	G/C	G	G:60,C:2	G	G	-	Normal
22	24236740	C	C	C	-	C	C	-	Normal
22	24236741	T	A/T	T	T:52,A:2	T	T	-	Normal
22	24236742	G	T/G	G	G:52,T:2	G	G	-	Normal
22	24236743	G	G/C	G	G:55,C:2	G	G	-	Normal
22	24236744	C	A/C	C	C:55,A:2	C	C	-	Normal
22	24236745	G	G	G	-	G	G	-	Normal
22	24236746	C	C	C	-	C	C	-	Normal
22	24236747	A	A/T	A	A:53,T:2	A	A	-	Normal
22	24236748	G	G	G	-	G	G	-	Normal
22	24236749	G	G	G	-	G	G	-	Normal
22	24236750	C	C	C	-	C	C	-	Normal
22	24236751	C	G/C	C	C:54,G:2	C	C	-	Normal
22	24236752	A	A/C	A	A:54,C:2	A	A	-	Normal
22	24236753	C	A/C	C	C:57,A:2	C	C	-	Normal
22	24236754	C	G/C	C	C:57,G:2	A/C	C	C:41,A:2	Normal
22	24236755	G	G	G	-	G	G	-	Normal
22	24236756	G	G/C	G	G:57,C:2	G	G	-	Normal
22	24236757	C	A/C	C	C:57,A:2	C	C	-	Normal
22	24236758	A	A	A	-	A	A	-	Normal
22	24236759	A	A/C	A	A:57,C:2	A	A	-	Normal
22	24236760	G	G/C	G	G:57,C:2	G	G	-	Normal
22	24236761	C	G/C	C	C:57,G:2	C	C	-	Normal
22	24236762	C	G/C	C	C:57,G:2	C	C	-	Normal
22	24236763	C	C	C	-	G/C	C	C:44,G:2	Normal
22	24236764	C	A/C	C	C:57,A:2	C	C	-	Normal
22	24236765	C	A/C	C	C:57,A:2	C	C	-	Normal
22	24236766	C	G/C	C	C:55,G:2	C	C	-	Normal
22	24236767	C	C	C	-	C	C	-	Normal
22	24236768	A	A/C	A	A:55,C:2	A	A	-	Normal
22	24236769	G	G/C	G	G:55,C:2	G	G	-	Normal
22	24236885	G	A/T/G/C	G	G:81,C:10,A:9,T:2	A/T/G/C	G	G:60,A:3,C:3,T:1	Normal
22	24236886	G	A/T/G/C	G	G:85,C:13,A:2,T:2	T/G	G	G:66,T:1	Normal
22	24236887	C	A/T/G/C	C	C:68,G:35,A:1,T:1	G/C	C	C:55,G:12	Normal
22	24236888	T	A/T/G/C	T	T:57,G:29,A:11,C:6	T/G/C	T	T:48,G:14,C:5	Normal
22	24236889	C	T/G/C	C	C:67,G:33,T:6	G/C	C	C:55,G:15	Normal
22	24236890	G	A/T/G/C	G	G:95,A:6,T:3,C:2	A/T/G/C	G	G:66,A:4,T:3,C:3	Normal
22	24236891	G	A/G/C	G	G:97,C:6,A:3	A/G/C	G	G:67,A:6,C:6	Normal
22	24236892	G	T/G/C	G	G:93,C:12,T:1	T/G/C	G	G:75,C:6,T:1	Normal
22	24236893	C	A/T/G/C	C	C:64,G:30,A:6,T:3	A/G/C	C	C:64,G:15,A:3	Normal
22	24236894	C	G/C	G/C	C:75,G:34	G/C	G/C	C:61,G:21	Haploid
22	24236895	C	A/T/G/C	C	C:70,G:31,T:5,A:3	A/T/G/C	C	C:58,G:20,A:3,T:1	Normal
22	24236896	G	T/G	G	G:102,T:7	G/C	G	G:79,C:6	Normal
22	24236897	A	A/T/G/C	A	A:63,G:31,T:9,C:6	A/T/G/C	A	A:67,G:14,C:7,T:3	Normal
22	24236898	A	A/G/C	A	A:66,G:34,C:9	A/T/G/C	A	A:64,G:20,C:4,T:3	Normal
22	24236899	G	T/G/C	G	G:93,C:9,T:4	A/T/G/C	G	G:77,C:4,A:4,T:3	Normal
22	24236900	T	A/T/G/C	T	T:63,G:24,C:12,A:7	A/T/G/C	T	T:58,G:24,C:3,A:3	Normal
22	24236901	G	T/G/C	G	G:96,T:6,C:4	T/G/C	G	G:84,T:3,C:1	Normal
22	24236902	G	A/T/G/C	G	G:90,C:9,T:4,A:3	A/T/G/C	G	G:76,C:8,T:3,A:1	Normal
22	24236903	A	A/T/G/C	A	A:75,G:30,C:6,T:1	A/G/C	A	A:58,G:16,C:14	Normal
22	24236904	C	A/T/G/C	C	C:75,G:30,A:3,T:1	A/G/C	C	C:65,G:20,A:3	Normal
22	24236905	G	A/T/G/C	G	G:96,C:6,A:4,T:3	A/G/C	G	G:80,C:5,A:3	Normal
22	24236906	T	A/T/G/C	T	T:73,G:24,C:12,A:3	A/T/G/C	T	T:57,G:21,C:7,A:3	Normal
22	24236907	T	A/T/G/C	T	T:66,G:30,C:10,A:6	A/T/G/C	T	T:61,G:20,C:4,A:3	Normal
22	24236908	C	A/T/G/C	C	C:79,G:21,A:9,T:3	A/T/G/C	C	C:67,G:15,T:3,A:3	Normal
22	24236909	G	G/C	G	G:99,C:13	A/T/G/C	G	G:78,C:6,T:3,A:1	Normal
22	24236910	G	A/G/C	G	G:93,C:13,A:6	A/T/G/C	G	G:77,C:7,A:3,T:3	Normal
22	24236911	G	A/T/G/C	G	G:85,T:15,A:9,C:6	A/T/G/C	G	G:83,C:3,A:3,T:1	Normal
22	24236912	G	T/G/C	G	G:93,C:19,T:3	G/C	G	G:87,C:3	Normal
22	24236913	C	T/G/C	C	C:81,G:25,T:9	A/T/G/C	C	C:63,G:20,A:3,T:1	Normal
22	24236914	C	A/T/G/C	C	C:75,G:32,A:4,T:4	G/C	C	C:65,G:21	Normal
22	24236915	C	A/T/G/C	C	C:79,G:25,T:7,A:4	G/C	C	C:68,G:18	Normal
22	24236916	G	A/G/C	G	G:86,C:16,A:13	A/T/G/C	G	G:71,C:6,A:6,T:3	Normal
22	24236917	A	A/T/G/C	A	A:70,G:25,C:17,T:3	A/T/G/C	A	A:62,C:12,G:9,T:3	Normal
22	24236918	C	A/T/G/C	C	C:80,G:22,A:7,T:6	A/G/C	C	C:65,G:18,A:3	Normal
22	24236919	G	T/G/C	G	G:98,T:9,C:8	A/T/G	G	G:71,A:9,T:6	Normal
22	24236920	A	A/T/G/C	A	A:82,G:21,T:9,C:6	A/T/G/C	A	A:59,G:21,C:3,T:3	Normal
22	24236921	G	A/T/G/C	G	G:95,C:13,A:12,T:1	A/G/C	G	G:80,A:3,C:3	Normal
22	24236922	G	A/T/G/C	G	G:102,C:12,A:6,T:1	A/G/C	G	G:77,A:6,C:3	Normal
22	24236923	T	T/G/C	T	T:81,G:28,C:12	T/G/C	T	T:59,G:21,C:6	Normal
22	24236924	C	A/T/G/C	C	C:81,G:30,T:6,A:3	A/T/G/C	C	C:65,G:17,T:3,A:1	Normal
22	24236925	G	A/T/G/C	G	G:96,A:10,C:7,T:7	A/T/G/C	G	G:74,T:6,A:3,C:3	Normal
22	24236926	C	A/T/G/C	C	C:93,G:19,A:6,T:1	T/G/C	C	C:71,G:12,T:3	Normal
22	24236927	T	T/G/C	T	T:77,G:29,C:13	A/T/G/C	T	T:59,G:17,A:7,C:3	Normal
22	24236928	G	A/T/G/C	G	G:100,C:9,T:6,A:4	G/C	G	G:73,C:13	Normal
22	24236929	G	T/G/C	G	G:98,C:12,T:9	T/G/C	G	G:71,T:9,C:6	Normal
22	24236930	G	A/T/G/C	G	G:94,A:9,T:9,C:7	A/T/G/C	G	G:68,C:9,A:6,T:3	Normal
22	24236931	G	A/T/G/C	G	G:87,C:29,A:3,T:3	T/G/C	G	G:82,C:6,T:1	Normal
22	24236932	C	T/G/C	C	C:90,G:32,T:3	A/G/C	C	C:65,G:24,A:3	Normal
22	24236933	G	A/T/G/C	G	G:108,A:9,T:4,C:4	A/G	G	G:86,A:6	Normal
22	24236934	G	A/T/G/C	G	G:103,C:10,T:6,A:4	A/G/C	G	G:79,C:10,A:3	Normal
22	24236935	G	A/T/G/C	G	G:100,C:13,A:5,T:3	T/G/C	G	G:81,C:10,T:1	Normal
22	24236936	C	A/T/G/C	C	C:94,G:18,T:9,A:1	A/T/G/C	C	C:81,T:6,G:3,A:2	Normal
22	24236937	T	T/G/C	T	T:80,G:21,C:21	T/G/C	T	T:70,G:12,C:10	Normal
22	24236938	G	A/T/G/C	G	G:106,C:6,A:6,T:4	A/T/G/C	G	G:85,A:3,C:3,T:1	Normal
22	24236939	A	A/G/C	A	A:88,G:28,C:6	A/T/G/C	A	A:78,C:6,T:6,G:5	Normal
22	24236940	C	A/T/G/C	C	C:85,G:21,A:10,T:6	A/T/G/C	C	C:76,G:12,T:4,A:3	Normal
22	24236941	C	A/T/G/C	C	C:92,G:19,T:7,A:4	A/T/G/C	C	C:69,G:17,A:6,T:3	Normal
22	24236942	G	T/G/C	G	G:103,T:12,C:7	T/G/C	G	G:79,C:10,T:6	Normal
22	24236943	C	A/T/G/C	C	C:85,G:29,A:7,T:4	T/G/C	C	C:81,G:16,T:4	Normal
22	24236944	G	A/G/C	G	G:102,C:12,A:9	A/G/C	G	G:94,A:4,C:3	Normal
22	24236945	C	A/T/G/C	C	C:103,G:13,T:7,A:6	A/T/G/C	C	C:84,G:10,A:4,T:3	Normal
22	24236946	C	A/T/G/C	C	C:97,G:25,T:6,A:1	G/C	C	C:84,G:17	Normal
22	24236947	C	A/T/G/C	C	C:98,G:22,A:6,T:3	T/G/C	C	C:80,G:13,T:8	Normal
22	24236948	T	T/G/C	T	T:98,G:25,C:6	T/G/C	T	T:83,G:11,C:7	Normal
22	24236949	T	T/G/C	T	T:94,C:21,G:14	A/T/G/C	T	T:83,C:13,A:3,G:2	Normal
22	24236950	T	A/T/G/C	T	T:101,C:12,G:10,A:6	A/T/G/C	T	T:83,C:10,G:7,A:1	Normal
22	24236951	C	G/C	C	C:103,G:26	T/G/C	C	C:84,G:13,T:3	Normal
22	24236952	C	A/G/C	C	C:97,G:26,A:6	A/T/G/C	C	C:77,G:17,A:3,T:3	Normal
22	24236953	T	A/T/G/C	T	T:95,G:18,C:13,A:3	A/T/G/C	T	T:80,C:10,G:9,A:4	Normal
22	24236954	C	T/G/C	C	C:112,G:10,T:7	A/T/G/C	C	C:94,G:6,T:1,A:1	Normal
22	24236955	G	T/G/C	G	G:107,C:16,T:6	T/G/C	G	G:89,C:10,T:3	Normal
22	24236956	C	A/T/G/C	C	C:106,G:17,T:3,A:3	A/T/G/C	C	C:93,G:4,A:4,T:1	Normal
22	24236957	A	A/T/G/C	A	A:90,G:26,C:9,T:3	A/G/C	A	A:79,G:17,C:6	Normal
22	24236958	G	A/T/G/C	G	G:109,C:15,T:6,A:4	A/T/G/C	G	G:93,C:9,A:3,T:3	Normal
22	24236959	T	A/T/C	T	T:99,C:32,A:3	A/T/G/C	T	T:93,A:7,C:6,G:1	Normal
22	24236960	A	A/T/G/C	A	A:94,C:19,G:12,T:9	A/T/G/C	A	A:84,G:12,C:8,T:3	Normal
22	24236961	C	A/T/G/C	C	C:101,G:18,T:12,A:3	A/T/G/C	C	C:88,G:7,A:6,T:6	Normal
22	24236962	A	A/T/G/C	A	A:108,G:10,C:10,T:6	A/T/G/C	A	A:90,C:7,G:6,T:4	Normal
22	24236963	T	A/T/G/C	T	T:106,C:15,G:12,A:4	T/G/C	T	T:94,G:7,C:6	Normal
22	24236964	C	A/T/G/C	C	C:114,T:12,G:10,A:1	A/T/G/C	C	C:91,G:9,A:4,T:3	Normal
22	24236965	G	A/T/G/C	G	G:112,C:15,A:7,T:6	T/G/C	G	G:91,C:10,T:6	Normal
22	24236966	C	A/T/G/C	C	C:112,G:15,T:10,A:3	T/G/C	C	C:93,G:11,T:3	Normal
22	24236967	G	A/T/G/C	G	G:118,C:16,A:3,T:3	A/G/C	G	G:94,C:9,A:4	Normal
22	24236968	G	A/T/G/C	G	G:107,C:15,A:9,T:9	T/G/C	G	G:86,C:12,T:3	Normal
22	24236969	T	A/T/G/C	T	T:99,C:24,G:13,A:1	T/G/C	T	T:81,G:13,C:7	Normal
22	24236970	G	A/T/G/C	G	G:111,C:14,A:9,T:3	A/T/G/C	G	G:90,A:6,T:4,C:1	Normal
22	24236971	C	A/T/G/C	C	C:99,G:23,T:12,A:3	T/G/C	C	C:83,G:12,T:6	Normal
22	24236972	A	A/T/G/C	A	A:96,T:16,C:15,G:10	A/T/G/C	A	A:81,G:14,T:3,C:3	Normal
22	24236973	C	A/T/G/C	C	C:102,G:13,T:10,A:9	A/T/G/C	C	C:85,T:6,A:4,G:3	Normal
22	24236974	G	T/G/C	G	G:103,C:25,T:6	A/T/G/C	G	G:81,C:13,A:3,T:1	Normal
22	24236975	T	T/N/G/C/A	T	T:93,G:14,A:12,C:9,N:3	A/T/G/C	T	T:78,G:11,A:6,C:3	Normal
22	24236976	G	T/G/C	G	G:110,T:15,C:6	A/T/G/C	G	G:85,C:9,T:3,A:1	Normal
22	24236977	G	A/T/G/C	G	G:101,C:21,T:9,A:3	T/G/C	G	G:86,C:9,T:3	Normal
22	24236978	T	A/T/G/C	T	T:96,G:23,C:12,A:3	T/G/C	T	T:78,G:14,C:6	Normal
22	24236979	C	T/G/C	C	C:115,G:10,T:3	A/T/G/C	C	C:82,T:7,A:3,G:3	Normal
22	24236980	C	A/T/G/C	C	C:91,A:15,G:13,T:9	A/G/C	C	C:76,G:16,A:3	Normal
22	24236981	C	A/T/G/C	C	C:100,G:22,A:3,T:3	A/T/G/C	C	C:81,G:5,T:3,A:3	Normal
22	24236982	G	A/T/G/C	G	G:98,C:15,T:12,A:3	A/T/G/C	G	G:70,C:10,A:6,T:3	Normal
22	24236983	G	A/T/G/C	G	G:100,C:12,A:10,T:6	T/G/C	G	G:78,C:13,T:1	Normal
22	24236984	A	A/T/G/C	A	A:93,C:25,G:10,T:3	A/T/G/C	A	A:75,G:7,C:6,T:4	Normal
22	24236985	C	A/T/G/C	C	C:93,G:17,A:15,T:3	A/T/G/C	C	C:75,T:9,G:5,A:3	Normal
22	24236986	C	A/T/G/C	C	C:99,T:18,G:10,A:1	A/T/G/C	C	C:81,G:7,T:3,A:1	Normal
22	24236987	A	A/T/G/C	A	A:90,C:18,G:17,T:3	A/G/C	A	A:69,C:13,G:10	Normal
22	24236988	G	T/G/C	G	G:107,C:15,T:9	T/G/C	G	G:72,C:14,T:6	Normal
22	24236989	C	A/T/G/C	C	C:108,T:10,G:7,A:6	T/G/C	C	C:78,G:8,T:6	Normal
22	24236990	T	A/T/G/C	T	T:99,G:19,C:10,A:3	T/G/C	T	T:78,G:7,C:7	Normal
22	24236991	C	T/G/C	C	C:105,G:14,T:12	T/G/C	C	C:72,T:12,G:5	Normal
22	24236992	A	A/T/G/C	A	A:97,C:16,T:12,G:6	A/T/G/C	A	A:69,C:11,G:3,T:3	Normal
22	24236993	T	A/T/G/C	T	T:94,C:18,G:16,A:3	A/T/C	T	T:70,C:13,A:3	Normal
22	24236994	G	T/G/C	G	G:107,C:21,T:3	A/T/G/C	G	G:73,C:7,A:3,T:3	Normal
22	24236995	G	A/T/G/C	G	G:106,A:13,T:9,C:3	A/T/G/C	G	G:72,T:7,C:6,A:1	Normal
22	24236996	C	A/T/G/C	C	C:106,G:16,T:6,A:3	A/T/G/C	C	C:70,G:9,A:3,T:1	Normal
22	24236997	C	A/G/C	C	C:108,G:14,A:9	A/T/G/C	C	C:67,T:4,A:3,G:3	Normal
22	24236998	T	A/T/G/C	T	T:102,C:16,A:9,G:4	A/T/G/C	T	T:60,C:7,A:6,G:4	Normal
22	24236999	T	A/T/G/C	T	T:94,G:19,C:12,A:6	A/T/G/C	T	T:63,G:6,C:5,A:3	Normal
22	24237000	C	A/T/G/C	C	C:99,G:20,A:9,T:3	A/T/G/C	C	C:63,T:7,G:4,A:3	Normal
22	24237001	G	A/T/G/C	G	G:107,T:15,C:6,A:3	A/T/G/C	G	G:66,C:5,A:3,T:3	Normal
22	24237002	G	A/T/G/C	G	G:93,C:26,T:6,A:6	A/G/C	G	G:61,C:13,A:3	Normal
22	24237003	C	A/T/G/C	C	C:105,G:12,T:11,A:6	A/T/G/C	C	C:68,A:3,T:3,G:3	Normal
22	24237004	G	A/T/G/C	G	G:100,C:19,T:9,A:6	A/T/G/C	G	G:63,T:4,C:3,A:3	Normal
22	24237005	G	A/T/G/C	G	G:100,C:12,A:10,T:9	A/T/G/C	G	G:48,T:7,C:3,A:3	Normal
22	24237006	C	T/G/C	C	C:100,G:22,T:9	A/T/G/C	C	C:48,G:6,T:4,A:3	Normal
22	24237007	T	A/T/G/C	T	T:93,C:16,G:16,A:6	T/G/C	T	T:45,C:10,G:6	Normal
22	24237008	C	A/T/G/C	C	C:118,G:10,T:3,A:3	A/G/C	C	C:55,G:3,A:3	Normal
22	24237009	C	G/C	C	C:105,G:9	T/C	C	C:57,T:1	Normal
22	24237010	A	A/G/C	A	A:93,G:6,C:3	A/G	A	A:51,G:3	Normal
22	24237011	G	T/G/C	G	G:93,C:6,T:3	T/G	G	G:51,T:3	Normal
22	24237012	C	G/C	C	C:93,G:3	G/C	C	C:51,G:3	Normal
22	24237013	G	T/G	G	G:93,T:3	G	G	-	Normal
22	24237014	A	A/T	A	A:93,T:6	A/T	A	A:48,T:3	Normal
22	24237015	G	T/G/C	G	G:93,T:3,C:3	G/C	G	G:48,C:3	Normal
22	24237016	C	C	C	-	C	C	-	Normal
22	24237017	C	C	C	-	C	C	-	Normal
22	24237018	G	T/G	G	G:96,T:3	G	G	-	Normal
22	24237019	T	T/G/C	T	T:93,C:3,G:3	T/G	T	T:48,G:3	Normal
22	24237020	G	A/G	G	G:96,A:3	A/G	G	G:48,A:3	Normal
22	24237021	C	C	C	-	C	C	-	Normal
22	24237022	G	A/G/C	G	G:93,A:3,C:3	G/C	G	G:48,C:3	Normal
22	24237023	C	A/G/C	C	C:93,G:3,A:3	A/C	C	C:48,A:3	Normal
22	24237024	G	T/G	G	G:96,T:3	G	G	-	Normal
22	24237025	C	A/C	C	C:96,A:3	C	C	-	Normal
22	24237026	T	T/C	T	T:96,C:3	T	T	-	Normal
22	24237027	C	A/C	C	C:93,A:3	C	C	-	Normal
22	24237028	T	A/T	T	T:93,A:3	A/T	T	T:45,A:3	Normal
22	24237029	G	T/G/C	G	G:90,C:3,T:3	T/G	G	G:45,T:3	Normal
22	24237030	C	G/C	C	C:90,G:3	G/C	C	C:45,G:3	Normal
22	24237031	A	A/G	A	A:90,G:3	A/G	A	A:45,G:3	Normal
22	24237032	G	G/C	G	G:90,C:3	G/C	G	G:45,C:3	Normal
22	24237033	C	C	C	-	C	C	-	Normal
22	24237034	C	C	C	-	T/C	C	C:45,T:3	Normal
22	24237035	T	T	T	-	T/G	T	T:45,G:3	Normal
22	24237036	G	G	G	-	G/C	G	G:45,C:3	Normal
22	24237037	C	C	C	-	G/C	C	C:45,G:3	Normal
22	24237038	A	A	A	-	A/G	A	A:45,G:3	Normal
22	24237039	C	C	C	-	C	C	-	Normal
22	24237040	A	A	A	-	A	A	-	Normal
22	24237041	G	G	G	-	G	G	-	Normal
22	24237042	C	C	C	-	C	C	-	Normal
22	24237043	A	A	A	-	A	A	-	Normal
22	24237044	T	T	T	-	T	T	-	Normal
22	24237045	C	C	C	-	C	C	-	Normal
22	24237046	G	G	G	-	G	G	-	Normal
22	24237047	G	G	G	-	G	G	-	Normal
22	24237048	C	C	C	-	C	C	-	Normal
22	24237049	A	A	A	-	A	A	-	Normal
22	24237050	A	A	A	-	A	A	-	Normal
22	24237051	G	G	G	-	G	G	-	Normal
22	24237052	A	A	A	-	A	A	-	Normal
22	24237053	T	T/G	T	T:102,G:3	T	T	-	Normal
22	24237054	C	C	C	-	C	C	-	Normal
22	24237055	G	G	G	-	G	G	-	Normal
22	24237056	G	G	G	-	G	G	-	Normal
22	24237057	C	C	C	-	C	C	-	Normal
22	24237058	G	G	G	-	G	G	-	Normal
22	24237059	G	G	G	-	G	G	-	Normal
22	24237060	C	C	C	-	C	C	-	Normal
22	24237061	G	G	G	-	G	G	-	Normal
22	24237062	C	C	C	-	C	C	-	Normal
22	24237063	G	G	G	-	G	G	-	Normal
22	24237064	C	C	C	-	C	C	-	Normal
22	24237065	A	A	A	-	A	A	-	Normal
22	24237066	G	G	G	-	G	G	-	Normal
22	24237067	A	A	A	-	A	A	-	Normal
22	24237068	A	A/C	A	A:96,C:3	A/C	A	A:39,C:3	Normal
22	24237069	C	C	C	-	C	C	-	Normal
22	24237070	C	C	C	-	C	C	-	Normal
22	24237071	G	G	G	-	G	G	-	Normal
22	24237072	C	C	C	-	C	C	-	Normal
22	24237073	T	T	T	-	T	T	-	Normal
22	24237074	C	C	C	-	C	C	-	Normal
22	24237075	C	C	C	-	C	C	-	Normal
22	24237076	T	T	T	-	T/G	T	T:48,G:3	Normal
22	24237077	A	A/C	A	A:96,C:3	A	A	-	Normal
22	24237078	C	C	C	-	C	C	-	Normal
22	24237079	A	A	A	-	A	A	-	Normal
22	24237080	G	G	G	-	G	G	-	Normal
22	24237081	C	C	C	-	C	C	-	Normal
22	24237082	A	A	A	-	A	A	-	Normal
22	24237083	A	A/C	A	A:96,C:3	A	A	-	Normal
22	24237084	G	G	G	-	G	G	-	Normal
22	24237085	C	C	C	-	C	C	-	Normal
22	24237086	T	T	T	-	T	T	-	Normal
22	24237087	G	G	G	-	G	G	-	Normal
22	24237088	C	G/C	C	C:131,G:5	C	C	-	Normal
22	24237089	T	T	T	-	T	T	-	Normal
22	24237090	G	G	G	-	G	G	-	Normal
22	24237091	T	T	T	-	T/G	T	T:55,G:8	Normal
22	24237092	G	G	G	-	G	G	-	Normal
22	24237093	C	C	C	-	C	C	-	Normal
22	24237094	G	G	G	-	G	G	-	Normal
22	24237095	G	G	G	-	G	G	-	Normal
22	24237096	C	C	C	-	C	C	-	Normal
22	24237097	C	C	C	-	C	C	-	Normal
22	24237098	T	T	T	-	T	T	-	Normal
22	24237099	G	G	G	-	G	G	-	Normal
22	24237100	C	C	C	-	G/C	C	C:57,G:3	Normal
22	24237101	T	T/G	T	T:125,G:12	T/G	T	T:54,G:6	Normal
22	24237102	G	G	G	-	G	G	-	Normal
22	24237103	G	G	G	-	G	G	-	Normal
22	24237104	C	C	C	-	C	C	-	Normal
22	24237105	C	C	C	-	C	C	-	Normal
22	24237106	G	G	G	-	G	G	-	Normal
22	24237107	A	A	A	-	A/C	A	A:59,C:3	Normal
22	24237108	G	G/C	G	G:137,C:5	G	G	-	Normal
22	24237109	C	G/C	C	C:136,G:5	C	C	-	Normal
22	24237110	G	G	G	-	G	G	-	Normal
22	24237111	C	C	C	-	C	C	-	Normal
22	24237112	C	G/C	C	C:132,G:8	C	C	-	Normal
22	24237113	T	T/G	T	T:135,G:5	T	T	-	Normal
22	24237114	G	T/G	G	G:140,T:5	G	G	-	Normal
22	24237115	C	G/C	C	C:137,G:5	C	C	-	Normal
22	24237116	G	G/C	G	G:137,C:5	G	G	-	Normal
22	24237117	C	A/G/C	C	C:134,G:5,A:3	C	C	-	Normal
22	24237118	A	A/G	A	A:137,G:5	A	A	-	Normal
22	24237119	T	T/C	T	T:134,C:5	T	T	-	Normal
22	24237120	C	C	C	-	C	C	-	Normal
22	24237121	A	A/T/C	A	A:129,C:10,T:5	A/C	A	A:69,C:3	Normal
22	24237122	G	G	G	-	G	G	-	Normal
22	24237123	C	C	C	-	C	C	-	Normal
22	24237124	C	G/C	C	C:144,G:5	G/C	C	C:69,G:3	Normal
22	24237125	C	G/C	C	C:154,G:5	C	C	-	Normal
22	24237126	G	G/C	G	G:154,C:5	G	G	-	Normal
22	24237127	G	G/C	G	G:154,C:5	G	G	-	Normal
22	24237128	A	A/C	A	A:151,C:5	A	A	-	Normal
22	24237129	C	G/C	C	C:151,G:5	C	C	-	Normal
22	24237130	A	A/C	A	A:148,C:8	A/T/C	A	A:69,C:5,T:3	Normal
22	24237131	G	G	G	-	G	G	-	Normal
22	24237132	G	G/C	G	G:151,C:10	G	G	-	Normal
22	24237133	T	T/G	T	T:151,G:10	T/G	T	T:69,G:8	Normal
22	24237134	A	A/C	A	A:156,C:5	A	A	-	Normal
22	24237135	C	C	C	-	C	C	-	Normal
22	24237136	G	G	G	-	G	G	-	Normal
22	24237137	C	G/C	C	C:156,G:5	G/C	C	C:75,G:5	Normal
22	24237138	G	G/C	G	G:156,C:5	G	G	-	Normal
22	24237139	G	T/G	G	G:155,T:3	G	G	-	Normal
22	24237140	A	A/C	A	A:148,C:10	A/T/C	A	A:69,T:8,C:3	Normal
22	24237141	G	A/G	G	G:153,A:5	G	G	-	Normal
22	24237142	T	T	T	-	T/G	T	T:75,G:8	Normal
22	24237143	C	C	C	-	A/G/C	C	C:74,G:6,A:3	Normal
22	24237144	G	A/G/C	G	G:148,C:8,A:5	G	G	-	Normal
22	24237145	C	G/C	C	C:153,G:8	A/G/C	C	C:75,G:5,A:3	Normal
22	24237146	G	G/C	G	G:153,C:8	G	G	-	Normal
22	24237147	G	T/G/C	G	G:150,C:8,T:3	G	G	-	Normal
22	24237148	A	A/T/C	A	A:145,T:8,C:8	A/T	A	A:77,T:3	Normal
22	24237149	G	G	G	-	G	G	-	Normal
22	24237150	G	G/C	G	G:158,C:3	G	G	-	Normal
22	24237151	G	G/C	G	G:151,C:10	T/G	G	G:77,T:3	Normal
22	24237152	G	G/C	G	G:156,C:5	G	G	-	Normal
22	24237153	C	A/G/C	C	C:142,G:11,A:5	G/C	C	C:69,G:11	Normal
22	24237154	G	G	G	-	G	G	-	Normal
22	24237155	G	G	G	-	T/G	G	G:77,T:3	Normal
22	24237156	G	A/G	G	G:153,A:5	G	G	-	Normal
22	24237157	G	A/G/C	G	G:148,A:5,C:5	G	G	-	Normal
22	24237158	G	G/C	G	G:150,C:8	G	G	-	Normal
22	24237159	A	A/T/G/C	A	A:144,C:5,T:3,G:3	A/T	A	A:72,T:5	Normal
22	24237160	G	G/C	G	G:150,C:5	G	G	-	Normal
22	24237161	G	G/C	G	G:164,C:3	G	G	-	Normal
22	24237162	G	G/C	G	G:164,C:3	G	G	-	Normal
22	24237163	G	A/G	G	G:168,A:5	G	G	-	Normal
22	24237164	C	G/C	C	C:159,G:8	C	C	-	Normal
22	24237165	G	G	G	-	G	G	-	Normal
22	24237166	G	T/G/C	G	G:159,C:5,T:3	G	G	-	Normal
22	24237167	C	G/C	C	C:159,G:8	C	C	-	Normal
22	24237168	G	G/C	G	G:162,C:5	G	G	-	Normal
22	24237169	G	G/C	G	G:164,C:3	T/G	G	G:68,T:3	Normal
22	24237170	C	G/C	C	C:162,G:5	A/C	C	C:68,A:3	Normal
22	24237171	G	A/G	G	G:162,A:5	G	G	-	Normal
22	24237172	C	G/C	C	C:162,G:5	C	C	-	Normal
22	24237173	G	G	G	-	G	G	-	Normal
22	24237174	C	G/C	C	C:162,G:5	C	C	-	Normal
22	24237175	G	G	G	-	G	G	-	Normal
22	24237176	G	G/C	G	G:159,C:8	G	G	-	Normal
22	24237177	C	G/C	C	C:162,G:8	C	C	-	Normal
22	24237178	C	G/C	C	C:162,G:8	C	C	-	Normal
22	24237179	A	A/G	A	A:162,G:8	A	A	-	Normal
22	24237180	G	G/C	G	G:167,C:3	G	G	-	Normal
22	24237181	G	G/C	G	G:171,C:5	G	G	-	Normal
22	24237182	C	A/C	C	C:168,A:5	C	C	-	Normal
22	24237183	C	A/G/C	C	C:165,G:5,A:3	C	C	-	Normal
22	24237184	C	G/C	C	C:162,G:5	C	C	-	Normal
22	24237185	G	G/C	G	G:156,C:8	T/G	G	G:65,T:3	Normal
22	24237186	G	G/C	G	G:161,C:3	G	G	-	Normal
22	24237187	G	G/C	G	G:151,C:10	G	G	-	Normal
22	24237188	A	A/G	A	A:156,G:8	A	A	-	Normal
22	24237189	C	G/C	C	C:153,G:5	C	C	-	Normal
22	24237190	T	T/C	T	T:147,C:8	T	T	-	Normal
22	24237191	G	G	G	-	G	G	-	Normal
22	24237192	A	A/G	A	A:150,G:8	A	A	-	Normal
22	24237193	G	G/C	G	G:150,C:8	G	G	-	Normal
22	24237194	C	T/G/C	C	C:148,T:5,G:5	C	C	-	Normal
22	24237195	C	C	C	-	A/C	C	C:65,A:3	Normal
22	24237196	A	A/G	A	A:141,G:8	A	A	-	Normal
22	24237197	C	G/C	C	C:149,G:3	C	C	-	Normal
22	24237198	C	T/G/C	C	C:144,G:5,T:3	C	C	-	Normal
22	24237199	C	G/C	C	C:147,G:5	C	C	-	Normal
22	24237200	G	G/C	G	G:141,C:8	G	G	-	Normal
22	24237201	C	G/C	C	C:146,G:3	C	C	-	Normal
22	24237202	T	A/T/C	T	T:136,A:10,C:3	T	T	-	Normal
22	24237203	G	G	G	-	G	G	-	Normal
22	24237204	A	A/G	A	A:141,G:8	A	A	-	Normal
22	24237205	G	G/C	G	G:141,C:8	G	G	-	Normal
22	24237206	T	T/G/C	T	T:144,C:5,G:3	A/T	T	T:71,A:3	Normal
22	24237207	C	G/C	C	C:152,G:3	C	C	-	Normal
22	24237208	C	G/C	C	C:150,G:5	C	C	-	Normal
22	24237209	G	G	G	-	G	G	-	Normal
22	24237210	G	G/C	G	G:155,C:3	G	G	-	Normal
22	24237211	C	A/G/C	C	C:153,A:5,G:3	C	C	-	Normal
22	24237212	C	G/C	C	C:158,G:3	C	C	-	Normal
22	24237213	T	A/T/C	T	T:148,A:10,C:3	T	T	-	Normal
22	24237214	C	G/C	C	C:153,G:8	C	C	-	Normal
22	24237215	C	A/G/C	C	C:156,A:5,G:3	C	C	-	Normal
22	24237216	T	T/G	T	T:156,G:8	T	T	-	Normal
22	24237217	C	G/C	C	C:161,G:3	C	C	-	Normal
22	24237218	C	C	C	-	C	C	-	Normal
22	24237219	C	A/G/C	C	C:156,A:5,G:3	C	C	-	Normal
22	24237220	C	G/C	C	C:161,G:3	C	C	-	Normal
22	24237221	C	G/C	C	C:161,G:3	C	C	-	Normal
22	24237222	C	G/C	C	C:161,G:3	C	C	-	Normal
22	24237223	G	G	G	-	G/C	G	G:77,C:3	Normal
22	24237224	C	C	C	-	C	C	-	Normal
22	24237225	A	A/G	A	A:161,G:3	A	A	-	Normal
22	24237226	G	G	G	-	G	G	-	Normal
22	24237227	G	A/G	G	G:156,A:5	G	G	-	Normal
22	24237228	G	G	G	-	G	G	-	Normal
22	24237229	T	T/G/C	T	T:159,G:5,C:3	T	T	-	Normal
22	24237230	C	A/G/C	C	C:159,A:5,G:3	C	C	-	Normal
22	24237231	T	T/G/C	T	T:159,C:5,G:3	T	T	-	Normal
22	24237232	A	A/G/C	A	A:154,C:8,G:5	A	A	-	Normal
22	24237233	C	G/C	C	C:159,G:8	C	C	-	Normal
22	24237234	A	A/G/C	A	A:159,C:5,G:3	A	A	-	Normal
22	24237235	T	T/C	T	T:159,C:8	T	T	-	Normal
22	24237236	C	A/G/C	C	C:149,A:5,G:3	C	C	-	Normal
22	24237237	A	A/C	A	A:134,C:8	A	A	-	Normal
22	24237238	A	A/G/C	A	A:119,C:5,G:3	A	A	-	Normal
22	24237239	C	T/C	C	C:122,T:5	C	C	-	Normal
22	24237240	T	A/T/G/C	T	T:109,C:5,A:5,G:3	T	T	-	Normal
22	24237241	A	A/G/C	A	A:109,C:5,G:3	A	A	-	Normal
22	24237242	T	T/C	T	T:109,C:8	T	T	-	Normal
22	24237243	T	T/C	T	T:109,C:8	T	T	-	Normal
22	24237244	A	A/C	A	A:109,C:8	A	A	-	Normal
22	24237245	C	G/C	C	C:114,G:3	C	C	-	Normal
22	24237246	G	G	G	-	G	G	-	Normal
22	24237247	A	A/C	A	A:109,C:8	A	A	-	Normal
22	24237248	C	A/C	C	C:106,A:5	C	C	-	Normal
22	24237249	A	A/G/C	A	A:103,G:5,C:3	A	A	-	Normal
22	24237250	T	A/T/G	T	T:98,G:8,A:5	T	T	-	Normal
22	24237251	G	G	G	-	G	G	-	Normal
22	24237252	A	A/T/G	A	A:103,T:5,G:3	A	A	-	Normal
22	24237253	A	A/T/C	A	A:103,C:5,T:3	A	A	-	Normal
22	24237254	C	T/C	C	C:106,T:5	C	C	-	Normal
22	24237255	G	A/T/G	G	G:103,A:5,T:3	T/G	G	G:68,T:3	Normal
22	24237256	C	G/C	C	C:108,G:3	C	C	-	Normal
22	24237257	G	A/G	G	G:103,A:8	T/G	G	G:63,T:3	Normal
22	24237258	G	T/G	G	G:112,T:5	G	G	-	Normal
22	24237259	C	C	C	-	C	C	-	Normal
22	24237260	C	C	C	-	C	C	-	Normal
22	24237261	A	A	A	-	A	A	-	Normal
22	24237262	A	A/C	A	A:99,C:3	A	A	-	Normal
22	24237263	T	A/T/C	T	T:94,A:5,C:3	T	T	-	Normal
22	24237264	G	G/C	G	G:99,C:3	G	G	-	Normal
22	24237265	T	A/T/G	T	T:98,A:5,G:3	T	T	-	Normal
22	24237266	G	G/C	G	G:103,C:3	G	G	-	Normal
22	24237267	G	T/G	G	G:106,T:3	G	G	-	Normal
22	24237268	G	G	G	-	G	G	-	Normal
22	24237269	C	A/C	C	C:101,A:3	C	C	-	Normal
22	24237270	T	T/G	T	T:101,G:3	T	T	-	Normal
22	24237271	G	T/G	G	G:96,T:3	G	G	-	Normal
22	24237272	G	G/C	G	G:96,C:3	G	G	-	Normal
22	24237273	A	A/C	A	A:96,C:3	A	A	-	Normal
22	24237274	A	A/G	A	A:96,G:3	A/C	A	A:68,C:3	Normal
22	24237275	C	G/C	C	C:99,G:3	C	C	-	Normal
22	24237276	A	A/C	A	A:89,C:3	A	A	-	Normal
22	24237277	A	A/C	A	A:89,C:3	A	A	-	Normal
22	24237278	C	T/C	C	C:89,T:3	C	C	-	Normal
22	24237279	T	T/C	T	T:89,C:3	T	T	-	Normal
22	24237280	C	C	C	-	C	C	-	Normal
22	24237281	C	T/C	C	C:84,T:3	C	C	-	Normal
22	24237282	A	A/C	A	A:84,C:3	A	A	-	Normal
22	24237283	C	C	C	-	C	C	-	Normal
22	24237284	C	C	C	-	C	C	-	Normal
22	24237285	T	T/C	T	T:87,C:3	T/G	T	T:63,G:3	Normal
22	24237286	T	T/C	T	T:84,C:3	T	T	-	Normal
22	24237287	C	C	C	-	C	C	-	Normal
22	24237288	G	G	G	-	G	G	-	Normal
22	24237289	C	C	C	-	C	C	-	Normal
22	24237290	C	A/C	C	C:87,A:3	C	C	-	Normal
22	24237291	T	T/G	T	T:87,G:3	T	T	-	Normal
22	24237292	A	A/G	A	A:87,G:3	A	A	-	Normal
22	24237293	A	A/G	A	A:87,G:3	A	A	-	Normal
22	24237294	G	G	G	-	G	G	-	Normal
22	24237295	A	A	A	-	A	A	-	Normal
22	24237296	G	G	G	-	G	G	-	Normal
22	24237297	C	C	C	-	C	C	-	Normal
22	24237298	C	C	C	-	C	C	-	Normal
22	24237299	G	G	G	-	G	G	-	Normal
22	24237300	C	C	C	-	C	C	-	Normal
22	24237301	A	A	A	-	A/C	A	A:57,C:3	Normal
22	24237302	G	G	G	-	G	G	-	Normal
22	24237303	G	G	G	-	G	G	-	Normal
22	24237304	G	G	G	-	G	G	-	Normal
22	24237305	A	A	A	-	A/C	A	A:57,C:3	Normal
22	24237306	C	C	C	-	C	C	-	Normal
22	24237307	C	C	C	-	C	C	-	Normal
22	24237308	C	C	C	-	C	C	-	Normal
22	24237309	A	A/T	A	A:81,T:3	A	A	-	Normal
22	24237310	C	C	C	-	C	C	-	Normal
22	24237311	G	G	G	-	G	G	-	Normal
22	24237312	C	C	C	-	C	C	-	Normal
22	24237313	T	T	T	-	T	T	-	Normal
22	24237314	G	G	G	-	G	G	-	Normal
22	24237315	T	T	T	-	T	T	-	Normal
22	24237316	C	C	C	-	C	C	-	Normal
22	24237317	T	T	T	-	T/G	T	T:63,G:3	Normal
22	24237318	G	G	G	-	G	G	-	Normal
22	24237319	C	C	C	-	C	C	-	Normal
22	24237320	G	G	G	-	T/G	G	G:63,T:3	Normal
22	24237321	C	C	C	-	C	C	-	Normal
22	24237322	T	T/G	T	T:78,G:3	T/G	T	T:63,G:3	Normal
22	24237323	G	G	G	-	G	G	-	Normal
22	24237324	G	G	G	-	G	G	-	Normal
22	24237325	C	C	C	-	A/C	C	C:66,A:3	Normal
22	24237326	T	T	T	-	T	T	-	Normal
22	24237327	C	C	C	-	C	C	-	Normal
22	24237328	C	C	C	-	C	C	-	Normal
22	24237329	A	A	A	-	A	A	-	Normal
22	24237330	C	C	C	-	C	C	-	Normal
22	24237331	C	C	C	-	C	C	-	Normal
22	24237332	C	C	C	-	C	C	-	Normal
22	24237333	G	G	G	-	G	G	-	Normal
22	24237334	G	G	G	-	G	G	-	Normal
22	24237335	G	G	G	-	G	G	-	Normal
22	24237336	A	A	A	-	A	A	-	Normal
22	24237337	A	A	A	-	A	A	-	Normal
22	24237338	C	C	C	-	C	C	-	Normal
22	24237339	C	C	C	-	C	C	-	Normal
22	24237340	C	C	C	-	C	C	-	Normal
22	24237341	G	G	G	-	G	G	-	Normal
22	24237342	C	C	C	-	C	C	-	Normal
22	24237343	C	C	C	-	C	C	-	Normal
22	24237344	G	G	G	-	G	G	-	Normal
22	24237345	C	C	C	-	C	C	-	Normal
22	24237346	A	A	A	-	A	A	-	Normal
22	24237347	C	C	C	-	C	C	-	Normal
22	24237348	G	G	G	-	G	G	-	Normal
22	24237349	C	C	C	-	C	C	-	Normal
22	24237350	T	T	T	-	T	T	-	Normal
22	24237351	G	G	G	-	G	G	-	Normal
22	24237352	T	T	T	-	T	T	-	Normal
22	24237353	G	G	G	-	G	G	-	Normal
22	24237354	T	T	T	-	T	T	-	Normal
22	24237355	T	T	T	-	T	T	-	Normal
22	24237356	C	C	C	-	C	C	-	Normal
22	24237357	T	T	T	-	T	T	-	Normal
22	24237358	A	A	A	-	A	A	-	Normal
22	24237359	G	G	G	-	G	G	-	Normal
22	24237360	G	G	G	-	G	G	-	Normal
22	24237361	C	C	C	-	C	C	-	Normal
22	24237362	C	C	C	-	C	C	-	Normal
22	24237363	C	C	C	-	C	C	-	Normal
22	24237364	G	G	G	-	G	G	-	Normal
22	24237365	C	C	C	-	C	C	-	Normal
22	24237366	C	C	C	-	C	C	-	Normal
22	24237367	C	C	C	-	C	C	-	Normal
22	24237368	A	A/C	A	A:60,C:3	A	A	-	Normal
22	24237369	C	C	C	-	C	C	-	Normal
22	24237370	C	C	C	-	C	C	-	Normal
22	24237371	C	C	C	-	C	C	-	Normal
22	24237372	C	C	C	-	C	C	-	Normal
22	24237373	A	A	A	-	A/C	A	A:45,C:3	Normal
22	24237374	A	A/C	A	A:63,C:3	A	A	-	Normal
22	24237375	C	C	C	-	C	C	-	Normal
22	24237376	C	C	C	-	C	C	-	Normal
22	24237377	T	T	T	-	T/G	T	T:48,G:3	Normal
22	24237378	T	T	T	-	T/G	T	T:48,G:3	Normal
22	24237379	C	C	C	-	C	C	-	Normal
22	24237380	T	T/G	T	T:60,G:3	T/G	T	T:42,G:3	Normal
22	24237381	G	G	G	-	G	G	-	Normal
22	24237382	G	G	G	-	G	G	-	Normal
22	24237383	T	T	T	-	T	T	-	Normal
22	24237384	G	G	G	-	G	G	-	Normal
22	24237385	G	G	G	-	G	G	-	Normal
22	24237386	G	G	G	-	G	G	-	Normal
22	24237387	G	G	G	-	T/G	G	G:42,T:3	Normal
22	24237388	A	A	A	-	A	A	-	Normal
22	24237389	G	G	G	-	G	G	-	Normal
22	24237390	A	A/T	A	A:60,T:3	A	A	-	Normal
22	24237391	A	A	A	-	A	A	-	Normal
22	24237392	A	A	A	-	A	A	-	Normal
22	24237393	T	T	T	-	T	T	-	Normal
22	24237394	A	A	A	-	A	A	-	Normal
22	24237395	A	A	A	-	A	A	-	Normal
22	24237396	A	A	A	-	A	A	-	Normal
22	24237397	C	C	C	-	C	C	-	Normal
22	24237398	G	G	G	-	G	G	-	Normal
22	24237399	G	G	G	-	G	G	-	Normal
22	24237400	T	T	T	-	T	T	-	Normal
22	24237401	T	T	T	-	T	T	-	Normal
22	24237402	T	T	T	-	T	T	-	Normal
22	24237403	A	A	A	-	A	A	-	Normal
22	24237404	G	G	G	-	G	G	-	Normal
22	24237405	A	A	A	-	A	A	-	Normal
22	24237406	G	G	G	-	G	G	-	Normal
22	24237407	A	A	A	-	A	A	-	Normal
22	24237408	C	C	C	-	C	C	-	Normal
22	24237409	T	T	T	-	T	T	-	Normal
22	24237410	A	A	A	-	A	A	-	Normal
22	24237411	G	G	G	-	G	G	-	Normal
22	24237412	G	G	G	-	G	G	-	Normal
22	24237413	A	A/T	A	A:63,T:3	A	A	-	Normal
22	24237414	G	G	G	-	T/G	G	G:51,T:3	Normal
